SPECIES.TREE.LABEL	assembly_length	l50_assembly_length	Flagellar.State	Mode (M)	Nutritional_Mode (N)	coding	final call of life cycle	UM_ploidy	known_diploid_mitosis	Operculation (O)	Thallus (T)	Number_of_flagella (1)	Electron-opaque_plug_in_axoneme_core_and_between_axoneme_and_flagellar_membrane (2)	Flagellum_coating (3)	Electron-opaque_core_in_kinetosome (4)	Scalloped_ring_within_kinetosome_extensions_of_the_ABC_microtubule (5)	Kinetosome_support (6)	Kinetosome_associated_plates (7)	Kinetosome-associataed_saddle (8)	Kinetosome-associated_shield (9)	Kinetosome-associated_spur (10)	Kinetosome-associated_straited_disc (11)	Primary_microtubule_root (12)	Primary_micotubule_root_absolute_configuration (13)	Striated_rhizoplast_between_kinetosome_and_nucelus (14)	Non-flagellated_centriole (15)	Length_of_non-flagellated_centriole_compared_to_length_of_kinetosome (16)	Kinetosome-non-flagellated_centriole_fibrillar_bridge (17)	Non-flagellated_centriole-associated_wall (18)	Paracrystalline_inclusion (19)	Ribosomal_organization (20)	Mitochondrian (21)	Cisterna (22)	Paraxonemal_structure (23)	Water_expulsion_vacoule (24)	Golgi_apparatus_morphology (25)	Golgi_apparatus_location (26)	Relationship_of_microbodies_to_lipids_or_nucleus (27)	Location_of_cisterna_relative_to_lipids (28)	Location_of_mitochondria (29)	Nucleear_heel (30)	Nucleus_location (31)	Posterior_dome_composed_of_peripheral_granules_and_array_of_megatubules (32)	assembly	Ancestral_combined	Fungal_combined	E2F_Ancestral	Rb_Ancestral	SBF_Fungal	Whi5_Fungal	EFL	EF1a	CblA	CblC	CblD	MeaB	MetH	MMCoAepi	MMCoAmut	RNR	Selenocystein	Cbl_group	MMCoA_group
Fonticula_alba_ATCC_38817.v2	31296464	17910934	0	NA	bacteriovore	1	?	1	?	NA	NA	NA	NA	NA	NA	NA	NA	NA	NA	NA	NA	NA	NA	NA	NA	NA	NA	NA	NA	NA	NA	NA	NA	NA	NA	NA	NA	NA	NA	NA	NA	NA	NA	GCF_000388065.1_Font_alba_ATCC_38817_V2_genomic.fna	1	NA	1	NA	NA	NA	0	1	1	0	1	1	1	1	1	0	0	2	3
Mitosporidium_daphniae_UGP3	5635072	2818353	0	NA	parasite	1	NA	1	?	NA	NA	NA	NA	NA	NA	NA	NA	NA	NA	NA	NA	NA	NA	NA	NA	NA	NA	NA	NA	NA	NA	NA	NA	NA	NA	NA	NA	NA	NA	NA	NA	NA	NA	GCF_000760515.2_UGP1.1_genomic.fna	2	NA	1	1	NA	NA	0	1	0	0	0	0	0	0	0	0	0	0	0
Paramicrosporidium_saccamoebae_KSL3	5635072	NA	0	NA	parasite	2	2N	0	2	NA	NA	NA	NA	NA	NA	NA	NA	NA	NA	NA	NA	NA	NA	NA	NA	NA	NA	NA	NA	NA	NA	NA	NA	NA	NA	NA	NA	NA	NA	NA	NA	NA	NA	NA	2	NA	1	1	NA	NA	0	1	1	0	0	1	0	0	1	0	1	1	2
Rozella_multimorpha	13558553	6784248	1	determinate	parasite	2	NA	1	?	0	0	1	0	0	0	0	1	0	0	0	0	0	6	0	1	1	1	1	0	0	0	1	1	0	0	1	2	0	0	2	0	0	0	Rmulti_loyal_50_ESOM_assembly.fasta	2	1	1	1	1	NA	0	1	1	1	0	1	1	1	1	0	0	2	3
Rozella_allomycis_CSF55_v1.0	13461086	6734689	1	determinate	parasite	2	NA	1	?	NA	NA	NA	NA	NA	NA	NA	NA	NA	NA	NA	NA	NA	NA	NA	NA	NA	NA	NA	NA	NA	NA	NA	NA	NA	NA	NA	NA	NA	NA	NA	NA	NA	NA	Rozal_AssemblyScaffolds.masked.fasta	2	1	1	1	1	NA	1	0	1	0	0	1	0	1	1	0	0	1	3
Rozella_sp._PSC023	14727194	7371930	1	determinate	parasite	2	NA	1	?	NA	NA	NA	NA	NA	NA	NA	NA	NA	NA	NA	NA	NA	NA	NA	NA	NA	NA	NA	NA	NA	NA	NA	NA	NA	NA	NA	NA	NA	NA	NA	NA	NA	NA	PSC023_Cry_esom_final_genome.fasta	2	NA	1	1	NA	NA	0	1	1	1	1	1	1	1	1	1	0	3	3
Paraphelidium_tribonemae_X-108.Trinity	53288649	26645512	1	NA	parasite	2	?	1	?	NA	NA	NA	NA	NA	NA	NA	NA	NA	NA	NA	NA	NA	NA	NA	NA	NA	NA	NA	NA	NA	NA	NA	NA	NA	NA	NA	NA	NA	NA	NA	NA	NA	NA	Par_tr_st_mkc2_trinity.fasta	1	1	NA	1	1	NA	0	1	1	1	1	1	1	1	1	1	0	3	3
Anaeromyces_robustus_v1.0	71685009	35929498	1	indeterminate	rumen	1	NA	1	?	0	1	NA	NA	NA	NA	NA	NA	NA	NA	NA	NA	NA	NA	NA	NA	NA	NA	NA	NA	NA	NA	NA	NA	NA	NA	NA	NA	NA	NA	NA	NA	NA	NA	Anasp1_AssemblyScaffolds.masked.fasta	NA	1	NA	NA	1	NA	0	1	0	0	0	0	0	0	0	0	0	0	0
Neocallimastix_californiae_G1_v1.0	193032486	96874839	1	determinate	rumen	1	?	1	?	0	1	NA	NA	NA	NA	NA	NA	NA	NA	NA	NA	NA	NA	NA	NA	NA	NA	NA	NA	NA	NA	NA	NA	NA	NA	NA	NA	NA	NA	NA	NA	NA	NA	Neosp1_AssemblyScaffolds.masked.fasta	NA	1	NA	NA	1	NA	0	1	0	0	0	0	0	0	0	0	0	0	0
Pecoramyces_ruminatium_C1A	100954185	50479715	1	determinate	rumen	1	NA	1	?	NA	NA	NA	NA	NA	NA	NA	NA	NA	NA	NA	NA	NA	NA	NA	NA	NA	NA	NA	NA	NA	NA	NA	NA	NA	NA	NA	NA	NA	NA	NA	NA	NA	NA	Orpsp1_1_AssemblyScaffolds.masked.fasta	NA	1	NA	NA	1	NA	0	1	0	0	0	0	0	0	0	0	0	0	0
Piromyces_sp._E2_v1.0	71019055	35541843	1	determinate	rumen	1	NA	1	?	0	1	NA	NA	NA	NA	NA	NA	NA	NA	NA	NA	NA	NA	NA	NA	NA	NA	NA	NA	NA	NA	NA	NA	NA	NA	NA	NA	NA	NA	NA	NA	NA	NA	PirE2_1_AssemblyScaffolds.masked.fasta	NA	1	NA	NA	1	NA	0	1	0	0	0	0	0	0	0	0	0	0	0
Piromyces_finnis_v3.0	56455805	28348997	1	determinate	rumen	1	NA	1	?	0	1	NA	NA	NA	NA	NA	NA	NA	NA	NA	NA	NA	NA	NA	NA	NA	NA	NA	NA	NA	NA	NA	NA	NA	NA	NA	NA	NA	NA	NA	NA	NA	NA	GCA_002104945.1_Piromyces_sp._finnis_v3.0_genomic.fna	NA	1	NA	NA	1	NA	0	1	0	0	0	0	0	0	0	0	0	0	0
Gonapodya_prolifera_v1.0	48794828	24581181	1	indeterminate	saprobe	2	?	1	?	0	1	NA	NA	NA	NA	NA	NA	NA	NA	NA	NA	NA	NA	NA	NA	NA	NA	NA	NA	NA	NA	NA	NA	NA	NA	NA	NA	NA	NA	NA	NA	NA	NA	Ganpr1_AssemblyScaffolds.masked.fasta	1	1	NA	1	1	NA	0	1	1	1	1	1	1	0	1	1	1	3	2
Gonapodya_sp._JEL0774.LCG	35595249	17860325	1	indeterminate	saprobe	2	NA	1	?	NA	NA	NA	NA	NA	NA	NA	NA	NA	NA	NA	NA	NA	NA	NA	NA	NA	NA	NA	NA	NA	NA	NA	NA	NA	NA	NA	NA	NA	NA	NA	NA	NA	NA	Gonapodya_sp._JEL0774.masked.fasta	1	1	NA	1	1	NA	0	1	1	1	0	1	1	0	1	1	0	2	2
Hyaloraphidium_curvatum_SAG235-1_v1.0	31926619	16356845	0	determinate	saprobe	1	NA	1	?	0	0	NA	NA	NA	NA	NA	NA	NA	NA	NA	NA	NA	NA	NA	NA	NA	NA	NA	NA	NA	NA	NA	NA	NA	NA	NA	NA	NA	NA	NA	NA	NA	NA	Hyacur1_AssemblyScaffolds.masked.fasta	2	2	1	1	1	1	0	1	1	1	1	1	1	0	1	0	1	3	2
Batrachochytrium_dendrobatidis_JEL423	23897668	12093246	1	determinate	parasite	2	2N	0	2	NA	NA	NA	NA	NA	NA	NA	NA	NA	NA	NA	NA	NA	NA	NA	NA	NA	NA	NA	NA	NA	NA	NA	NA	NA	NA	NA	NA	NA	NA	NA	NA	NA	NA	GCA_000149865.1_BD_JEL423_genomic.fna	1	2	NA	1	1	1	0	1	0	0	0	0	0	0	0	0	0	0	0
Batrachochytrium_dendrobatidis_JAM81_v1.0	24315081	12619677	1	determinate	parasite	2	2N	0	2	NA	NA	NA	NA	NA	NA	NA	NA	NA	NA	NA	NA	NA	NA	NA	NA	NA	NA	NA	NA	NA	NA	NA	NA	NA	NA	NA	NA	NA	NA	NA	NA	NA	NA	Batde5_AssemblyScaffolds.masked.fasta	1	2	NA	1	1	1	0	1	0	0	0	0	0	0	0	0	0	0	0
Batrachochytrium_salamandrivorans_BS	32636440	16323977	1	determinate	parasite	2	2N	1	2	NA	NA	NA	NA	NA	NA	NA	NA	NA	NA	NA	NA	NA	NA	NA	NA	NA	NA	NA	NA	NA	NA	NA	NA	NA	NA	NA	NA	NA	NA	NA	NA	NA	NA	GCA_002006685.1_Batr_sala_BS_V1_genomic.fna	1	2	NA	1	1	1	0	1	0	0	0	0	0	0	0	0	0	0	0
Polyrhizophydium_stewartii_JEL0888.LCG	23308959	11665945	1	indeterminate	saprobe	1	2N	1	2	NA	NA	NA	NA	NA	NA	NA	NA	NA	NA	NA	NA	NA	NA	NA	NA	NA	NA	NA	NA	NA	NA	NA	NA	NA	NA	NA	NA	NA	NA	NA	NA	NA	NA	Unknown_unknown_JEL0888.masked.fasta	1	2	NA	1	1	1	0	1	1	1	1	1	1	1	1	0	0	3	3
Homolaphlyctis_polyrhiza_JEL142_v1.0	26111666	10667375	1	determinate	saprobe	2	2N	1	2	0	1	1	0	0	0	0	2	0	0	0	0	0	1	1	0	1	1	1	0	0	1	2	2	0	0	0	2	0	0	0	0	0	0	Hompol1_AssemblyScaffolds_Repeatmasked.fasta	NA	1	NA	NA	1	NA	0	1	1	0	1	1	1	1	1	0	0	2	3
Entophlyctis_helioformis_JEL805_v1.0	30915201	15514876	1	determinate	saprobe	2	NA	1	?	NA	NA	NA	NA	NA	NA	NA	NA	NA	NA	NA	NA	NA	NA	NA	NA	NA	NA	NA	NA	NA	NA	NA	NA	NA	NA	NA	NA	NA	NA	NA	NA	NA	NA	Enthel1_AssemblyScaffolds.masked.fasta	1	2	NA	1	1	1	0	1	1	1	1	1	1	1	1	0	0	3	3
Olpidium_sp._PSC023	16557855	8283962	1	determinate	parasite	?	NA	1	?	NA	NA	NA	NA	NA	NA	NA	NA	NA	NA	NA	NA	NA	NA	NA	NA	NA	NA	NA	NA	NA	NA	NA	NA	NA	NA	NA	NA	NA	NA	NA	NA	NA	NA	PSC023_Rhi_esom_final_genome.fasta	NA	2	NA	NA	1	1	0	1	1	1	0	1	1	1	1	0	0	2	3
Globomyces_pollinis-pini_Arg68_v1.0	21646612	10833365	1	determinate	saprobe	2	NA	1	?	0	1	1	0	0	0	0	1	0	0	0	0	0	1	3	0	1	1	1	0	0	1	2	2	0	?	?	?	0	0	0	0	0	0	Glopol1_AssemblyScaffolds.masked.fasta	1	1	NA	1	1	NA	0	1	0	0	0	0	0	0	0	0	0	0	0
Globomyces_sp._JEL0801.LCG	16104292	8080469	1	determinate	saprobe	2	2N	1	2	NA	NA	NA	NA	NA	NA	NA	NA	NA	NA	NA	NA	NA	NA	NA	NA	NA	NA	NA	NA	NA	NA	NA	NA	NA	NA	NA	NA	NA	NA	NA	NA	NA	NA	Unknown_Rhizophydiales_JEL0801.masked.fasta	NA	1	NA	NA	1	NA	0	1	0	0	0	0	0	0	0	0	0	0	0
Terramyces_sp._JEL0728.LCG	15585454	7831225	1	determinate	saprobe	2	2N	1	2	NA	NA	NA	NA	NA	NA	NA	NA	NA	NA	NA	NA	NA	NA	NA	NA	NA	NA	NA	NA	NA	NA	NA	NA	NA	NA	NA	NA	NA	NA	NA	NA	NA	NA	Terramyces_sp._JEL0728.masked.fasta	1	1	NA	1	1	NA	0	1	0	0	0	0	0	0	0	0	0	0	0
Boothiomyces_sp._JEL0838.LCG	12849375	6426835	1	determinate	saprobe	2	2N	1	2	NA	NA	NA	NA	NA	NA	NA	NA	NA	NA	NA	NA	NA	NA	NA	NA	NA	NA	NA	NA	NA	NA	NA	NA	NA	NA	NA	NA	NA	NA	NA	NA	NA	NA	Boothiomyces_sp._JEL0838.masked.fasta	1	1	NA	1	1	NA	0	1	0	0	0	0	0	0	0	0	0	0	0
Boothiomyces_macroporosum_PLAUS21.LCG	15700521	7859974	1	determinate	saprobe	2	2N	1	2	0	1	1	0	0	0	0	1	0	0	0	1	0	1	3	0	1	1	0	0	0	1	2	2	0	?	?	?	0	0	0	0	0	0	Boothiomyces_macroporosum_PLAUS21.masked.fasta	1	1	NA	1	1	NA	0	1	0	0	0	0	0	0	0	0	0	0	0
Boothiomyces_sp._JEL0866.LCG	14241334	7202260	1	determinate	saprobe	2	2N	1	2	NA	NA	NA	NA	NA	NA	NA	NA	NA	NA	NA	NA	NA	NA	NA	NA	NA	NA	NA	NA	NA	NA	NA	NA	NA	NA	NA	NA	NA	NA	NA	NA	NA	NA	Boothiomyces_sp._JEL0866.masked.fasta	1	2	NA	1	1	1	0	1	0	0	0	0	0	0	0	0	0	0	0
Kappamyces_sp._JEL0680.LCG	13243986	6625060	1	determinate	saprobe	2	2N	1	2	0	1	NA	NA	NA	NA	NA	NA	NA	NA	NA	NA	NA	NA	NA	NA	NA	NA	NA	NA	NA	NA	NA	NA	NA	NA	NA	NA	NA	NA	NA	NA	NA	NA	Kappamyces_sp._JEL0680.masked.fasta	1	1	NA	1	1	NA	0	1	0	0	0	0	0	0	0	0	0	0	0
Kappamyces_sp._JEL0829.LCG	11696060	5892177	1	determinate	saprobe	2	NA	1	?	0	1	NA	NA	NA	NA	NA	NA	NA	NA	NA	NA	NA	NA	NA	NA	NA	NA	NA	NA	NA	NA	NA	NA	NA	NA	NA	NA	NA	NA	NA	NA	NA	NA	Kappamyces_sp._JEL0829.masked.fasta	1	1	NA	1	1	NA	0	1	0	0	0	0	0	0	0	0	0	0	0
Gorgonomyces_haynaldii_MP57_v1.0	13983420	7046987	1	determinate	saprobe	1	?	1	?	0	1	1	0	0	0	0	1	0	0	0	0	0	1	3	0	1	1	1	0	0	1	2	2	0	?	?	?	0	0	0	0	0	0	Gorhay1_AssemblyScaffolds.masked.fasta	1	1	NA	1	1	NA	0	1	0	0	0	0	0	0	0	0	0	0	0
Blyttiomyces_helicus_single-cell_v1.0	46472760	23242463	1	determinate	saprobe	2	2N	1	2	0	1	NA	NA	NA	NA	NA	NA	NA	NA	NA	NA	NA	NA	NA	NA	NA	NA	NA	NA	NA	NA	NA	NA	NA	NA	NA	NA	NA	NA	NA	NA	NA	NA	Blyhe1_AssemblyScaffolds.masked.fasta	NA	2	NA	NA	1	1	0	1	0	0	0	0	0	0	0	0	0	0	0
Rhizophlyctis_rosea_JEL0764.LCG	48149512	24167406	1	determinate	saprobe	1	1N	1	1	0	1	1	0	0	0	0	1	0	0	0	0	0	0	0	1	2	1	2	0	0	0	2	?	0	?	0	?	2	?	?	1	0	0	Rhizophlyctis_rosea_JEL0764.masked.fasta	1	1	1	NA	1	NA	0	1	0	1	1	0	1	0	1	0	0	2	1
Rhizophlyctis_rosea_JEL0318.LCG	38859322	19439578	1	determinate	saprobe	1	1N	1	1	0	1	1	0	0	0	0	1	0	0	0	0	0	0	0	1	2	1	2	0	0	0	2	?	0	?	0	?	2	?	?	1	0	0	Rhizophlyctis_rosea_JEL0318.masked.fasta	1	2	NA	1	1	1	0	1	1	1	1	0	1	1	1	0	0	3	2
Borealophlyctis_nickersoniae_WJD170.LCG	38361113	19185636	1	determinate	saprobe	1	NA	1	?	0	1	1	0	0	0	0	1	0	0	0	0	0	0	0	0	2	1	1	0	0	3	2	1	0	1	0	2	0	0	0	1	0	0	Borealophlyctis_nickersoniae_WJD170.masked.fasta	2	2	1	1	1	1	0	1	0	1	1	1	1	1	1	0	0	2	3
Fimicolochytrium_jonesii_JEL569_v1.0	30619153	15538127	1	determinate	saprobe	?	?	0	?	0	1	1	0	0	0	0	1	0	0	0	0	0	?	0	0	2	1	1	0	0	0	2	0	0	0	0	2	0	3	2	0	1	0	Fimjon1_AssemblyScaffolds.masked.fasta	2	2	1	1	1	1	1	0	1	1	1	1	1	1	1	0	0	3	3
Geranomyces_variabilis_JEL559_v1.0	23695997	11981215	1	determinate	saprobe	1	?	1	?	0	1	1	0	0	0	0	1	0	0	0	0	0	?	0	0	2	1	1	0	0	0	2	0	0	0	0	2	0	3	2	0	1	0	Gervar1_AssemblyScaffolds.masked.fasta	2	2	1	1	1	1	1	0	1	0	1	0	1	0	0	0	0	2	0
Geranomyces_variabilis_JEL0567.LCG	23750802	11937466	1	determinate	saprobe	1	1N	1	1	0	1	1	0	0	0	0	1	0	0	0	0	0	?	0	0	2	1	1	0	0	0	2	0	0	0	0	2	0	3	2	0	1	0	Geranomyces_variabilis_JEL0567.masked.fasta	2	2	1	1	1	1	1	0	1	0	1	0	1	0	0	0	0	2	0
Geranomyces_variabilis_JEL0566.LCG	23613044	12097872	1	determinate	saprobe	1	1N	1	1	0	1	1	0	0	0	0	1	0	0	0	0	0	?	0	0	2	1	1	0	0	0	2	0	0	0	0	2	0	3	2	0	1	0	Geranomyces_variabilis_JEL0566.masked.fasta	2	2	1	1	1	1	1	0	1	0	1	0	1	0	0	0	0	2	0
Geranomyces_variabilis_JEL0389.LCG	24136728	12291798	1	determinate	saprobe	1	1N	1	1	0	1	1	0	0	0	0	1	0	0	0	0	0	?	0	0	2	1	1	0	0	0	2	0	0	0	0	2	0	3	2	0	1	0	Geranomyces_variabilis_JEL0389.masked.fasta	2	2	1	1	1	1	1	0	1	0	1	0	1	0	0	0	0	2	0
Geranomyces_variabilis_JEL0379.LCG	23394538	11870114	1	determinate	saprobe	1	1N	1	1	0	1	1	0	0	0	0	1	0	0	0	0	0	?	0	0	2	1	1	0	0	0	2	0	0	0	0	2	0	3	2	0	1	0	Geranomyces_variabilis_JEL0379.masked.fasta	2	2	1	1	1	1	1	0	1	0	1	0	1	0	0	0	0	2	0
Geranomyces_michiganensis_JEL0563.LCG	23465858	11769191	1	determinate	saprobe	1	1N	1	1	NA	NA	NA	NA	NA	NA	NA	NA	NA	NA	NA	NA	NA	NA	NA	NA	NA	NA	NA	NA	NA	NA	NA	NA	NA	NA	NA	NA	NA	NA	NA	NA	NA	NA	Geranomyces_michiganensis_JEL0563.masked.fasta	2	2	1	1	1	1	1	0	1	0	0	0	1	0	0	0	0	1	0
Powellomyces_hirtus_CBS_809.83	26238698	13256739	1	determinate	saprobe	1	NA	1	?	0	1	1	0	0	0	0	1	0	0	0	0	0	?	0	0	?	1	?	0	0	0	2	?	0	?	0	2	?	?	2	0	1	0	Powellomyces_hirtus_CBS809.83.fasta	NA	2	NA	NA	1	1	1	0	1	1	1	0	1	0	0	0	0	3	0
Powellomyces_hirtus_BR81_v1.0	29428253	15112214	1	determinate	saprobe	1	NA	1	?	0	1	1	0	0	0	0	1	0	0	0	0	0	?	0	0	?	1	?	0	0	0	2	?	0	?	0	2	?	?	2	0	1	0	Powhir1_AssemblyScaffolds.masked.fasta	2	2	1	1	1	1	1	0	1	1	1	0	1	0	0	0	0	3	0
Thoreauomyces_humboldtii_JEL0095.LCG	26328562	13173225	1	determinate	saprobe	1	1N	1	1	0	1	1	0	0	0	0	1	0	0	0	0	0	?	0	0	2	1	1	0	0	0	2	0	0	0	0	2	0	3	2	0	1	0	Thoreauomyces_humboldtii_JEL0095.masked.fasta	1	2	1	NA	1	1	1	0	1	1	1	0	1	0	0	0	0	3	0
Spizellomyces_sp._palustris_CBS_455.65	22937368	11566174	1	determinate	saprobe	1	NA	1	?	NA	NA	NA	NA	NA	NA	NA	NA	NA	NA	NA	NA	NA	NA	NA	NA	NA	NA	NA	NA	NA	NA	NA	NA	NA	NA	NA	NA	NA	NA	NA	NA	NA	NA	Spizellomyces_palustris_CBS455.65.fasta	2	2	1	1	1	1	1	1	1	1	1	1	1	1	1	0	0	3	3
Spizellomyces_punctatus_DAOM_BR117	24131112	12551008	1	determinate	saprobe	?	?	0	?	0	1	1	0	0	0	0	1	0	0	0	1	0	5	?	0	2	1	2	0	0	0	2	1	0	1	0	2	1	0	2	1	1	0	Spipu1_AssemblyScaffolds.masked.fasta	2	2	1	1	1	1	1	1	1	1	1	1	1	1	1	0	0	3	3
Triparticalcar_arcticum_BR59_v1.0	31548172	16300367	1	determinate	saprobe	1	?	1	?	0	1	1	0	0	0	0	1	0	0	0	1	0	9	0	0	2	1	2	0	0	0	2	1	0	1	0	2	1	0	2	0	0	0	Triarc1_AssemblyScaffolds.masked.fasta	2	2	1	1	1	1	1	0	1	1	1	1	1	1	1	0	0	3	3
Gaertneriomyces_semiglobifer_Barr_43_v1.0	20918219	10609528	1	determinate	saprobe	1	NA	1	?	0	1	1	0	0	0	0	1	0	0	0	0	0	7	0	0	2	1	?	0	0	0	2	?	0	1	0	2	?	?	2	0	?	0	Gaesem1_AssemblyScaffolds.masked.fasta	1	2	1	NA	1	1	1	0	1	0	1	1	1	1	1	0	0	2	3
Gaertneriomyces_sp._JEL0708.LCG	20557201	10469212	1	determinate	saprobe	1	1N	1	1	NA	NA	NA	NA	NA	NA	NA	NA	NA	NA	NA	NA	NA	NA	NA	NA	NA	NA	NA	NA	NA	NA	NA	NA	NA	NA	NA	NA	NA	NA	NA	NA	NA	NA	Gaertneriomyces_sp._JEL0708.masked.fasta	1	2	1	NA	1	1	1	0	0	1	1	1	1	1	1	0	0	2	3
Chytriomyces_confervae_CBS_675.73	35973405	18005103	1	determinate	saprobe	2	NA	1	?	NA	NA	NA	NA	NA	NA	NA	NA	NA	NA	NA	NA	NA	NA	NA	NA	NA	NA	NA	NA	NA	NA	NA	NA	NA	NA	NA	NA	NA	NA	NA	NA	NA	NA	Chytridium_confervae_CBS675.73.fasta	NA	1	NA	NA	1	NA	0	1	1	1	1	1	1	1	1	0	0	3	3
Chytriomyces_hyalinus_JEL0176.LCG	29545400	14800558	1	determinate	saprobe	2	NA	1	?	1	1	1	1	0	0	0	1	1	0	0	0	0	2	2	0	1	0	1	1	1	1	2	2	0	0	0	1	0	0	1	0	0	0	Chytriomyces_hyalinus_JEL0176.masked.fasta	1	2	NA	1	1	1	0	1	1	1	1	1	1	1	1	0	0	3	3
Chytriomyces_hyalinus_ARG085.LCG	29777168	14903973	1	determinate	saprobe	2	NA	1	?	1	1	1	1	0	0	0	1	1	0	0	0	0	2	2	0	1	0	1	1	1	1	2	2	0	0	0	1	0	0	1	0	0	0	Chytriomyces_hyalinus_ARG085.masked.fasta	1	2	NA	1	1	1	0	1	1	1	1	1	1	1	1	0	0	3	3
Chytriomyces_hyalinus_ARG121.LCG	29515939	14783725	1	determinate	saprobe	2	NA	1	?	1	1	1	1	0	0	0	1	1	0	0	0	0	2	2	0	1	0	1	1	1	1	2	2	0	0	0	1	0	0	1	0	0	0	Chytriomyces_hyalinus_ARG121.masked.fasta	NA	2	NA	NA	1	1	0	1	1	1	1	1	0	1	1	0	0	3	3
Chytriomyces_hyalinus_JEL632_v1.0	38103441	19307521	1	determinate	saprobe	1	NA	1	?	1	1	1	1	0	0	0	1	1	0	0	0	0	2	2	0	1	0	1	1	1	1	2	2	0	0	0	1	0	0	1	0	0	0	Chyhya1_AssemblyScaffolds.masked.fasta	1	2	NA	1	1	1	0	1	1	1	1	1	1	1	1	0	0	3	3
Chytriomyces_hyalinus_JEL0345.LCG	28404701	14204506	1	determinate	saprobe	2	NA	1	?	1	1	1	1	0	0	0	1	1	0	0	0	0	2	2	0	1	0	1	1	1	1	2	2	0	0	0	1	0	0	1	0	0	0	Chytriomyces_hyalinus_JEL0345.masked.fasta	NA	2	NA	NA	1	1	0	1	0	1	1	1	1	1	1	0	0	2	3
Chytriomyces_sp._MP_71_v1.0	36383760	18218845	1	determinate	saprobe	2	NA	1	?	NA	NA	NA	NA	NA	NA	NA	NA	NA	NA	NA	NA	NA	NA	NA	NA	NA	NA	NA	NA	NA	NA	NA	NA	NA	NA	NA	NA	NA	NA	NA	NA	NA	NA	Chytri1_AssemblyScaffolds.masked.fasta	1	2	NA	1	1	1	0	1	1	1	1	1	1	1	1	0	0	3	3
Siphonaria_sp._JEL0065.LCG	37595823	18801411	1	determinate	saprobe	2	2N	1	2	0	1	NA	NA	NA	NA	NA	NA	NA	NA	NA	NA	NA	NA	NA	NA	NA	NA	NA	NA	NA	NA	NA	NA	NA	NA	NA	NA	NA	NA	NA	NA	NA	NA	Siphonaria_sp._JEL0065.masked.fasta	1	2	NA	1	1	1	0	1	1	1	1	0	1	1	1	0	0	3	2
Obelidium_mucronatum_JEL802_v1.0	49458483	24853965	1	determinate	saprobe	2	?	1	?	0	1	NA	NA	NA	NA	NA	NA	NA	NA	NA	NA	NA	NA	NA	NA	NA	NA	NA	NA	NA	NA	NA	NA	NA	NA	NA	NA	NA	NA	NA	NA	NA	NA	Obemuc1_AssemblyScaffolds.masked.fasta	1	2	NA	1	1	1	0	1	1	1	1	1	1	1	1	0	0	3	3
Rhizoclosmatium_sp._JEL0117.LCG	30544921	15278660	1	determinate	saprobe	2	2N	1	2	NA	NA	NA	NA	NA	NA	NA	NA	NA	NA	NA	NA	NA	NA	NA	NA	NA	NA	NA	NA	NA	NA	NA	NA	NA	NA	NA	NA	NA	NA	NA	NA	NA	NA	Rhizoclosmatium_sp._JEL0117.masked.fasta	NA	1	NA	NA	1	NA	0	1	1	1	1	1	1	1	1	0	0	3	3
Rhizoclosmatium_hyalinum_JEL0917.LCG	23450088	11726455	1	determinate	saprobe	2	2N	1	2	NA	NA	NA	NA	NA	NA	NA	NA	NA	NA	NA	NA	NA	NA	NA	NA	NA	NA	NA	NA	NA	NA	NA	NA	NA	NA	NA	NA	NA	NA	NA	NA	NA	NA	Rhizoclosmatium_hyalinum_JEL0917.masked.fasta	1	1	NA	1	1	NA	0	1	0	0	1	0	1	1	1	0	0	1	2
Rhizoclosmatium_globosum_JEL800_v1.0	57018351	28555830	1	determinate	saprobe	2	2N	0	2	0	1	1	1	0	0	0	1	1	0	0	0	0	2	2	0	1	1	1	?	1	1	2	2	0	0	0	1	0	0	0	0	0	0	Rhihy1_AssemblyScaffolds.masked.fasta	1	2	NA	1	1	1	0	1	1	1	1	1	1	1	1	0	0	3	3
Podochytrium_sp._JEL0797.LCG	32060568	16031187	1	determinate	saprobe	?	2N	1	2	0	1	NA	NA	NA	NA	NA	NA	NA	NA	NA	NA	NA	NA	NA	NA	NA	NA	NA	NA	NA	NA	NA	NA	NA	NA	NA	NA	NA	NA	NA	NA	NA	NA	Podochytrium_sp._JEL0797.masked.fasta	1	2	NA	1	1	1	0	1	1	1	1	1	1	1	1	0	0	3	3
Entophlyctis_luteolus_JEL0120.LCG	25900143	12964785	1	determinate	saprobe	?	NA	1	?	0	1	1	1	0	0	0	1	1	0	0	0	0	2	2	0	1	1	1	1	1	1	2	2	0	0	0	1	0	0	0	0	0	0	Entophlyctis_luteolus_JEL0120.masked.fasta	NA	2	NA	NA	1	1	0	1	1	1	1	1	1	1	1	0	0	3	3
Entophlyctis_luteolus_JEL0129.LCG	27694625	13862704	1	determinate	saprobe	1	NA	1	?	0	1	1	1	0	0	0	1	1	0	0	0	0	2	2	0	1	1	1	1	1	1	2	2	0	0	0	1	0	0	0	0	0	0	Entophlyctis_luteolus_JEL0129.masked.fasta	1	2	NA	1	1	1	0	1	0	1	1	1	1	1	1	0	0	2	3
Entophlyctis_sp._JEL0112.LCG	26962970	13489730	1	determinate	saprobe	1	NA	1	?	NA	NA	NA	NA	NA	NA	NA	NA	NA	NA	NA	NA	NA	NA	NA	NA	NA	NA	NA	NA	NA	NA	NA	NA	NA	NA	NA	NA	NA	NA	NA	NA	NA	NA	Entophlyctis_sp._JEL0112.masked.fasta	1	2	NA	1	1	1	0	1	0	1	1	1	1	1	1	0	0	2	3
Physocladia_obscura_JEL0513.LCG	44089900	22052824	1	indeterminate	saprobe	1	NA	1	?	0	1	NA	NA	NA	NA	NA	NA	NA	NA	NA	NA	NA	NA	NA	NA	NA	NA	NA	NA	NA	NA	NA	NA	NA	NA	NA	NA	NA	NA	NA	NA	NA	NA	Physocladia_obscura_JEL0513.masked.fasta	1	2	NA	1	1	1	0	1	0	0	0	0	1	0	0	0	0	0	0
Zopfochytrium_polystomum_WB228_v1.0	81192468	40735097	1	indeterminate	saprobe	2	?	1	?	0	1	NA	NA	NA	NA	NA	NA	NA	NA	NA	NA	NA	NA	NA	NA	NA	NA	NA	NA	NA	NA	NA	NA	NA	NA	NA	NA	NA	NA	NA	NA	NA	NA	Clapol1_1_AssemblyScaffolds.masked.fasta	1	2	NA	1	1	1	0	1	1	0	1	1	1	1	1	0	0	2	3
Cladochytrium_tenue_CCIBt4013.v0.LCG	48957730	24483036	1	indeterminate	saprobe	2	2N	1	2	0	1	NA	NA	NA	NA	NA	NA	NA	NA	NA	NA	NA	NA	NA	NA	NA	NA	NA	NA	NA	NA	NA	NA	NA	NA	NA	NA	NA	NA	NA	NA	NA	NA	Cladochytrium_tenue_CCIBt4013.masked.fasta	1	2	NA	1	1	1	0	1	1	0	0	1	1	1	1	0	0	1	3
Blyttiomyces_sp._JEL0837.LCG	46468325	23241136	1	determinate	saprobe	2	2N?	1	2	0	1	NA	NA	NA	NA	NA	NA	NA	NA	NA	NA	NA	NA	NA	NA	NA	NA	NA	NA	NA	NA	NA	NA	NA	NA	NA	NA	NA	NA	NA	NA	NA	NA	Blyttiomyces_sp._JEL0837.masked.fasta	1	2	NA	1	1	1	0	1	1	0	1	1	0	1	1	0	0	2	3
Chytridiaceae_sp._JEL0842.LCG	26948520	13492586	1	determinate	saprobe	1	NA	1	?	NA	NA	NA	NA	NA	NA	NA	NA	NA	NA	NA	NA	NA	NA	NA	NA	NA	NA	NA	NA	NA	NA	NA	NA	NA	NA	NA	NA	NA	NA	NA	NA	NA	NA	Unknown_Chytridiales_JEL0842.masked.fasta	1	1	NA	1	1	NA	0	1	0	0	0	1	1	1	1	0	0	0	3
Chytridium_lagenaria_Arg66_v1.0	42380874	21295145	1	determinate	parasite	1	NA	1	?	1	1	1	1	0	0	0	1	0	1	0	0	0	2	2	0	1	1	1	0	1	1	2	2	0	0	0	2	0	0	0	0	0	0	Chylag1_AssemblyScaffolds.masked.fasta	1	1	NA	1	1	NA	0	1	1	0	1	1	1	1	1	0	0	2	3
Dinochytrium_kinnereticum_KLL_TL_06062013.LCG	31510542	15783804	1	determinate	parasite	2	NA	1	?	1	1	1	1	0	1	0	1	0	1	0	0	0	2	1	0	1	1	1	0	1	1	2	2	0	0	0	1	0	0	0	0	0	0	Dinochytrium_kinnereticum_KLL_TL_06062013.masked.fasta	1	1	NA	1	1	NA	0	1	1	0	1	0	1	1	1	0	0	2	2
Phlyctochytrium_planicorne_JEL0388.LCG	30010325	15083794	1	determinate	parasite	2	NA	1	?	0	1	1	1	0	0	0	1	0	1	0	0	0	2	2	0	1	0	1	0	1	1	2	2	0	0	0	2	0	0	0	0	0	0	Phlyctochytrium_planicorne_JEL0388.masked.fasta	NA	1	NA	NA	1	NA	0	1	1	0	0	1	1	1	1	0	0	1	3
Phlyctochytrium_bullatum_JEL0754.LCG	40192336	20098280	1	determinate	parasite	2	NA	1	?	NA	NA	NA	NA	NA	NA	NA	NA	NA	NA	NA	NA	NA	NA	NA	NA	NA	NA	NA	NA	NA	NA	NA	NA	NA	NA	NA	NA	NA	NA	NA	NA	NA	NA	Phlyctochytrium_bullatum_JEL0754.masked.fasta	NA	1	NA	NA	1	NA	0	1	0	0	0	0	1	1	1	0	0	0	2
Irineochytrium_annulatum_JEL0729.LCG	36841590	18424973	1	determinate	saprobe	1	1N	1	1	NA	NA	NA	NA	NA	NA	NA	NA	NA	NA	NA	NA	NA	NA	NA	NA	NA	NA	NA	NA	NA	NA	NA	NA	NA	NA	NA	NA	NA	NA	NA	NA	NA	NA	Irineochytrium_annulatum_JEL0729.masked.fasta	NA	2	NA	NA	1	1	0	1	1	0	1	1	1	1	1	0	0	2	3
Polychytrium_aggregatum_JEL109_v1.0	64917104	32801026	1	indeterminate	saprobe	2	2N	0	2	0	1	1	1	0	1	0	1	0	0	0	0	0	1	0	0	2	1	2	0	0	1	2	1	0	0	0	2	1	0	0	0	0	0	Polagg1_1_AssemblyScaffolds_Repeatmasked.fasta	1	2	1	NA	1	1	0	1	1	1	1	1	1	1	1	0	1	3	3
Cladochytrium_replicatum_JEL714_v1.0	50665862	25334433	1	indeterminate	saprobe	?	?	1	?	0	1	1	1	0	0	0	1	0	0	0	0	0	3	?	0	1	1	1	0	0	1	2	2	0	?	0	2	0	0	0	0	0	0	Clarep1_1_AssemblyScaffolds.masked.fasta	1	2	NA	1	1	1	0	1	1	1	1	1	1	1	1	1	0	3	3
Nowakowskiella_sp._JEL0078.LCG	33052143	16528420	1	indeterminate	saprobe	?	NA	1	?	0	1	NA	NA	NA	NA	NA	NA	NA	NA	NA	NA	NA	NA	NA	NA	NA	NA	NA	NA	NA	NA	NA	NA	NA	NA	NA	NA	NA	NA	NA	NA	NA	NA	Nowakowskiella_sp._JEL0078.masked.fasta	1	2	NA	1	1	1	0	1	0	1	1	1	1	1	1	1	0	2	3
Nowakowskiella_sp._JEL0407.LCG	22617538	11317453	1	indeterminate	saprobe	2	2N	1	2	0	1	NA	NA	NA	NA	NA	NA	NA	NA	NA	NA	NA	NA	NA	NA	NA	NA	NA	NA	NA	NA	NA	NA	NA	NA	NA	NA	NA	NA	NA	NA	NA	NA	Nowakowskiella_sp._JEL0407.masked.fasta	1	2	NA	1	1	1	0	1	1	1	1	1	1	1	1	0	0	3	3
Clydaea_vesicula_JEL0522.LCG	24944113	12508792	1	determinate	saprobe	1	1N	1	1	NA	NA	NA	NA	NA	NA	NA	NA	NA	NA	NA	NA	NA	NA	NA	NA	NA	NA	NA	NA	NA	NA	NA	NA	NA	NA	NA	NA	NA	NA	NA	NA	NA	NA	Lobulomyces_angularis_JEL0522.masked.fasta	1	2	NA	1	1	1	0	1	1	1	1	1	1	1	1	0	0	3	3
Clydaea_vesicula_JEL0476.LCG	24650228	12329135	1	determinate	saprobe	1	1N	1	1	1	1	1	1	0	0	0	1	0	0	0	0	0	0	0	0	1	1	1	0	0	1	2	1	0	?	?	?	0	0	0	0	0	0	Clydaea_vesicula_JEL0476.masked.fasta	1	2	NA	1	1	1	0	1	1	1	1	1	1	1	1	0	0	3	3
Quaeritorhiza_haematococci_JEL0916.LCG	48216321	24110880	1	determinate	parasite	1	1N	1	1	0	1	1	0	0	0	0	1	0	0	0	0	0	1	?	0	1	1	1	0	1	1	2	2	0	?	0	1	1	0	0	0	0	0	Quaeritorhiza_haematococci_JEL0916.masked.fasta	2	2	1	1	1	1	0	1	0	1	0	1	1	1	1	0	1	1	3
Caulochytrium_protostelioides_ATCC_52028_v1.0	21796879	10975177	1	determinate	parasite	1	1N	0	1	NA	NA	NA	NA	NA	NA	NA	NA	NA	NA	NA	NA	NA	NA	NA	NA	NA	NA	NA	NA	NA	NA	NA	NA	NA	NA	NA	NA	NA	NA	NA	NA	NA	NA	Caupr1_AssemblyScaffolds.masked.fasta	NA	2	NA	NA	1	1	0	1	0	0	0	0	0	0	0	0	0	0	0
Synchytrium_endobioticum_MB42	21483073	10764047	1	determinate	parasite	?	NA	1	?	0	0	1	1	0	0	0	1	0	0	0	0	0	?	?	0	1	1	?	0	0	0	2	1	0	?	0	1	0	0	2	0	1	0	Synchytrium_endobioticum_MB42.fasta	1	2	1	NA	1	1	0	1	0	0	0	0	0	0	0	0	0	0	0
Synchytrium_microbalum_JEL517	26244175	13187032	1	determinate	parasite	1	NA	1	?	0	1	1	0	0	0	0	1	0	0	0	0	0	0	0	0	2	1	1	0	0	0	2	1	0	0	0	2	0	0	0	0	0	0	Synchytrium_microbalum_JEL0517.fasta	1	2	1	NA	1	1	0	1	1	0	1	1	1	1	1	0	1	2	3
Orbilia_oligospora_ATCC_24927	40072829	20371715	0	indeterminate	NA	1	1N	0	1	NA	NA	NA	NA	NA	NA	NA	NA	NA	NA	NA	NA	NA	NA	NA	NA	NA	NA	NA	NA	NA	NA	NA	NA	NA	NA	NA	NA	NA	NA	NA	NA	NA	NA	Artol1_AssemblyScaffolds_Repeatmasked.fasta	NA	NA	0	0	1	1	0	1	0	0	0	0	0	0	0	0	0	0	0
Hortaea_werneckii_EXF-2000	49942992	25003667	0	indeterminate	NA	2	NA	1	?	NA	NA	NA	NA	NA	NA	NA	NA	NA	NA	NA	NA	NA	NA	NA	NA	NA	NA	NA	NA	NA	NA	NA	NA	NA	NA	NA	NA	NA	NA	NA	NA	NA	NA	Horwer1_AssemblyScaffolds_Repeatmasked.fasta	NA	NA	0	0	1	1	0	1	0	0	0	0	0	0	0	0	0	0	0
Neurospora_crassa_OR74A	NA	NA	0	indeterminate	NA	1	1N	0	1	NA	NA	NA	NA	NA	NA	NA	NA	NA	NA	NA	NA	NA	NA	NA	NA	NA	NA	NA	NA	NA	NA	NA	NA	NA	NA	NA	NA	NA	NA	NA	NA	NA	NA	NA	NA	NA	0	0	1	1	0	1	0	0	0	0	0	0	0	0	0	0	0
Candida_arabinofermentans_NRRL_YB-2248	13233932	6712115	0	NA	NA	1	NA	1	?	NA	NA	NA	NA	NA	NA	NA	NA	NA	NA	NA	NA	NA	NA	NA	NA	NA	NA	NA	NA	NA	NA	NA	NA	NA	NA	NA	NA	NA	NA	NA	NA	NA	NA	GCA_001661425.1_Canar1_genomic.fna	NA	NA	0	0	1	1	0	1	0	0	0	0	0	0	0	0	0	0	0
Saccharomycopsis_capsularis_NRRL_Y-17638	17823225	9057089	0	NA	NA	1	1N	1	1	NA	NA	NA	NA	NA	NA	NA	NA	NA	NA	NA	NA	NA	NA	NA	NA	NA	NA	NA	NA	NA	NA	NA	NA	NA	NA	NA	NA	NA	NA	NA	NA	NA	NA	GCA_003243015.1_ASM324301v1_genomic.fna	NA	NA	0	0	1	1	0	1	0	0	0	0	0	0	0	0	0	0	0
Saccharomyces_cerevisiae_S288C	NA	NA	0	NA	NA	2	1N/2N	0	2	NA	NA	NA	NA	NA	NA	NA	NA	NA	NA	NA	NA	NA	NA	NA	NA	NA	NA	NA	NA	NA	NA	NA	NA	NA	NA	NA	NA	NA	NA	NA	NA	NA	NA	NA	NA	NA	0	0	1	1	0	1	0	0	0	0	0	0	0	0	0	0	0
Yarrowia_lipolytica_CLIB122	NA	NA	0	NA	NA	2	1N/2N	0	2	NA	NA	NA	NA	NA	NA	NA	NA	NA	NA	NA	NA	NA	NA	NA	NA	NA	NA	NA	NA	NA	NA	NA	NA	NA	NA	NA	NA	NA	NA	NA	NA	NA	NA	NA	NA	NA	0	0	1	1	0	1	0	0	0	0	0	0	0	0	0	0	0
Schizosaccharomyces_pombe_972h-	NA	NA	0	NA	NA	2	1N	0	1	NA	NA	NA	NA	NA	NA	NA	NA	NA	NA	NA	NA	NA	NA	NA	NA	NA	NA	NA	NA	NA	NA	NA	NA	NA	NA	NA	NA	NA	NA	NA	NA	NA	NA	NA	NA	NA	0	0	1	1	0	1	0	0	0	0	0	0	0	0	0	0	0
Armillaria_ostoyae_C18_9	60106801	31644348	0	indeterminate	NA	2	2N	0	2	NA	NA	NA	NA	NA	NA	NA	NA	NA	NA	NA	NA	NA	NA	NA	NA	NA	NA	NA	NA	NA	NA	NA	NA	NA	NA	NA	NA	NA	NA	NA	NA	NA	NA	GCA_900157425.1_version_2_genomic.fna	NA	NA	0	0	1	1	0	1	0	0	0	0	0	0	0	0	0	0	0
Coprinopsis_cinerea_okayama7_130	NA	NA	0	indeterminate	NA	1	N+N	0	2	NA	NA	NA	NA	NA	NA	NA	NA	NA	NA	NA	NA	NA	NA	NA	NA	NA	NA	NA	NA	NA	NA	NA	NA	NA	NA	NA	NA	NA	NA	NA	NA	NA	NA	NA	NA	NA	0	0	1	1	0	1	0	0	0	0	0	0	0	0	0	0	0
Ustilago_maydis_521	NA	NA	0	indeterminate	NA	1	N+N	0	2	NA	NA	NA	NA	NA	NA	NA	NA	NA	NA	NA	NA	NA	NA	NA	NA	NA	NA	NA	NA	NA	NA	NA	NA	NA	NA	NA	NA	NA	NA	NA	NA	NA	NA	NA	NA	NA	0	0	1	1	0	1	0	0	0	0	0	0	0	0	0	0	0
Mixia_osmundae	13634488	7524112	0	indeterminate	NA	1	1N	1	1	NA	NA	NA	NA	NA	NA	NA	NA	NA	NA	NA	NA	NA	NA	NA	NA	NA	NA	NA	NA	NA	NA	NA	NA	NA	NA	NA	NA	NA	NA	NA	NA	NA	NA	GCF_000708205.1_Mixia_osmundae_v1.0_genomic.fna	NA	NA	0	0	1	1	0	1	0	0	0	0	0	0	0	0	0	0	0
Puccinia_graminis_f._sp._tritici_CRL_75-36-700-3	NA	NA	0	indeterminate	NA	1	N+N	0	2	NA	NA	NA	NA	NA	NA	NA	NA	NA	NA	NA	NA	NA	NA	NA	NA	NA	NA	NA	NA	NA	NA	NA	NA	NA	NA	NA	NA	NA	NA	NA	NA	NA	NA	NA	NA	NA	0	0	1	1	0	1	0	0	0	0	0	0	0	0	0	0	0
Backusella_circina_FSU_941.Bacci1.v1	48648288	24448885	0	indeterminate	saprobe	1	1N	1	1	NA	NA	NA	NA	NA	NA	NA	NA	NA	NA	NA	NA	NA	NA	NA	NA	NA	NA	NA	NA	NA	NA	NA	NA	NA	NA	NA	NA	NA	NA	NA	NA	NA	NA	Bacci1_AssemblyScaffolds_Repeatmasked.fasta	NA	NA	1	0	1	1	0	1	1	0	1	0	1	0	0	0	0	2	0
Mucor_circinelloides_f._circinelloides_1006PhL	36348485	18204166	0	indeterminate	saprobe	1	1N	1	1	NA	NA	NA	NA	NA	NA	NA	NA	NA	NA	NA	NA	NA	NA	NA	NA	NA	NA	NA	NA	NA	NA	NA	NA	NA	NA	NA	NA	NA	NA	NA	NA	NA	NA	GCA_000401635.1_Muco_sp_1006Ph_V1_genomic.fna	NA	NA	1	0	1	1	0	1	1	0	1	0	1	0	0	0	0	2	0
Rhizopus_delemar_RA_99-880	46148878	NA	0	indeterminate	saprobe	1	1N	0	1	NA	NA	NA	NA	NA	NA	NA	NA	NA	NA	NA	NA	NA	NA	NA	NA	NA	NA	NA	NA	NA	NA	NA	NA	NA	NA	NA	NA	NA	NA	NA	NA	NA	NA	NA	NA	NA	1	0	1	1	0	1	0	0	0	0	1	0	0	0	0	0	0
Rhizopus_microsporus_var._microsporus_ATCC_52814	24950816	12579888	0	indeterminate	saprobe	1	1N	1	1	NA	NA	NA	NA	NA	NA	NA	NA	NA	NA	NA	NA	NA	NA	NA	NA	NA	NA	NA	NA	NA	NA	NA	NA	NA	NA	NA	NA	NA	NA	NA	NA	NA	NA	GCA_002083745.1_Rhimi_ATCC52814_1_genomic.fna	NA	NA	1	0	1	1	0	1	1	0	1	0	1	0	0	0	0	2	0
Saksenaea_vasiformis_B4078.G233.v1	42502389	21260534	0	indeterminate	saprobe	1	1N	1	1	NA	NA	NA	NA	NA	NA	NA	NA	NA	NA	NA	NA	NA	NA	NA	NA	NA	NA	NA	NA	NA	NA	NA	NA	NA	NA	NA	NA	NA	NA	NA	NA	NA	NA	GCA_000697055.1_SakVasB4078-1.0_genomic.fna	NA	NA	1	0	1	1	0	1	0	0	0	0	1	0	0	0	0	0	0
Phycomyces_blakesleeanus_NRRL_1555	53939167	27651989	0	indeterminate	saprobe	1	NA	1	?	NA	NA	NA	NA	NA	NA	NA	NA	NA	NA	NA	NA	NA	NA	NA	NA	NA	NA	NA	NA	NA	NA	NA	NA	NA	NA	NA	NA	NA	NA	NA	NA	NA	NA	GCF_001638985.1_Phybl2_genomic.fna	NA	NA	1	0	1	NA	0	1	1	0	1	0	1	0	0	0	0	2	0
Lichtheimia_corymbifera_FSU_9682	33531723	16785179	0	indeterminate	saprobe	2	2N	1	2	NA	NA	NA	NA	NA	NA	NA	NA	NA	NA	NA	NA	NA	NA	NA	NA	NA	NA	NA	NA	NA	NA	NA	NA	NA	NA	NA	NA	NA	NA	NA	NA	NA	NA	GCA_000723665.1_454Minimus_genomic.fna	NA	NA	1	0	1	1	0	1	1	0	1	0	1	0	0	0	0	2	0
Syncephalastrum_racemosum_NRRL_2496.Synrac1.v1	30745403	17436805	0	indeterminate	saprobe	1	NA	1	?	NA	NA	NA	NA	NA	NA	NA	NA	NA	NA	NA	NA	NA	NA	NA	NA	NA	NA	NA	NA	NA	NA	NA	NA	NA	NA	NA	NA	NA	NA	NA	NA	NA	NA	GCA_002105135.1_Synrac1_genomic.fna	NA	NA	1	0	1	1	0	1	1	0	1	0	1	0	0	0	0	2	0
Hesseltinella_vesiculosa_NRRL_3301	27216191	13918311	0	indeterminate	saprobe	1	1N	1	1	NA	NA	NA	NA	NA	NA	NA	NA	NA	NA	NA	NA	NA	NA	NA	NA	NA	NA	NA	NA	NA	NA	NA	NA	NA	NA	NA	NA	NA	NA	NA	NA	NA	NA	GCA_002104935.1_Hesve2_genomic.fna	NA	NA	1	0	1	1	0	1	1	0	1	0	1	0	0	0	0	2	0
Umbelopsis_ramanniana_AG_#.Umbra1.v1	23077072	11763602	0	indeterminate	saprobe	1	1N	1	1	NA	NA	NA	NA	NA	NA	NA	NA	NA	NA	NA	NA	NA	NA	NA	NA	NA	NA	NA	NA	NA	NA	NA	NA	NA	NA	NA	NA	NA	NA	NA	NA	NA	NA	Umbra1_AssemblyScaffolds_Repeatmasked.fasta	NA	NA	1	0	1	1	0	1	1	0	0	1	1	1	1	1	0	1	3
Bifiguratus_adelaidae_AZ0501	19478880	9751842	0	indeterminate	saprobe	1	1N	1	1	NA	NA	NA	NA	NA	NA	NA	NA	NA	NA	NA	NA	NA	NA	NA	NA	NA	NA	NA	NA	NA	NA	NA	NA	NA	NA	NA	NA	NA	NA	NA	NA	NA	NA	GCA_002261195.1_ASM226119v1_genomic.fna	NA	NA	1	0	1	1	1	0	0	0	1	1	1	1	1	1	1	1	3
Calcarisporiella_thermophila_CBS279.70.v1	NA	NA	0	indeterminate	saprobe	?	1N	0	1	NA	NA	NA	NA	NA	NA	NA	NA	NA	NA	NA	NA	NA	NA	NA	NA	NA	NA	NA	NA	NA	NA	NA	NA	NA	NA	NA	NA	NA	NA	NA	NA	NA	NA	NA	NA	NA	0	0	1	1	1	0	1	1	1	1	1	1	1	1	1	3	3
Gigaspora_rosea_DAOM_194757	567860885	284046742	0	indeterminate	mutualist	?	?	0	?	NA	NA	NA	NA	NA	NA	NA	NA	NA	NA	NA	NA	NA	NA	NA	NA	NA	NA	NA	NA	NA	NA	NA	NA	NA	NA	NA	NA	NA	NA	NA	NA	NA	NA	GCA_003550325.1_ASM355032v1_genomic.fna	NA	NA	1	0	1	1	0	1	1	1	0	1	1	1	1	0	0	2	3
Rhizophagus_irregularis_DAOM_181602	149750837	76063885	0	indeterminate	mutualist	1	1N	1	1	NA	NA	NA	NA	NA	NA	NA	NA	NA	NA	NA	NA	NA	NA	NA	NA	NA	NA	NA	NA	NA	NA	NA	NA	NA	NA	NA	NA	NA	NA	NA	NA	NA	NA	GCA_002897155.1_Rir_HGAP_ii_V2_genomic.fna	NA	NA	1	0	1	1	0	1	1	1	1	1	1	1	1	1	0	3	3
Lobosporangium_transversale_NRRL_3116	42768949	21978276	0	indeterminate	saprobe	1	1N	1	1	NA	NA	NA	NA	NA	NA	NA	NA	NA	NA	NA	NA	NA	NA	NA	NA	NA	NA	NA	NA	NA	NA	NA	NA	NA	NA	NA	NA	NA	NA	NA	NA	NA	NA	GCF_002105155.1_Lobtra1_genomic.fna	NA	NA	1	0	1	1	0	1	1	1	1	1	1	1	1	0	0	3	3
Linnemannia_elongata_AG-77	49851634	24987059	0	indeterminate	saprobe	1	NA	0	?	NA	NA	NA	NA	NA	NA	NA	NA	NA	NA	NA	NA	NA	NA	NA	NA	NA	NA	NA	NA	NA	NA	NA	NA	NA	NA	NA	NA	NA	NA	NA	NA	NA	NA	GCA_001651415.1_Mortierella_elongata_AG-77_v2.0_genomic.fna	NA	NA	1	0	1	1	0	1	1	1	1	1	1	1	1	0	0	3	3
Basidiobolus_meristosporus_CBS_931.73	89489060	44762284	0	indeterminate	saprobe	1	?	1	?	NA	NA	NA	NA	NA	NA	NA	NA	NA	NA	NA	NA	NA	NA	NA	NA	NA	NA	NA	NA	NA	NA	NA	NA	NA	NA	NA	NA	NA	NA	NA	NA	NA	NA	GCA_002104905.1_Basme2finSC_genomic.fna	NA	2	NA	NA	1	1	1	1	1	1	1	1	1	1	1	1	0	3	3
Basidiobolus_heterosporus_B8920.N168.v1	44053790	22027478	0	indeterminate	saprobe	2	?	1	?	NA	NA	NA	NA	NA	NA	NA	NA	NA	NA	NA	NA	NA	NA	NA	NA	NA	NA	NA	NA	NA	NA	NA	NA	NA	NA	NA	NA	NA	NA	NA	NA	NA	NA	GCA_000697455.1_BasHetB8920-1.0_genomic.fna	NA	2	NA	NA	1	1	1	1	0	0	1	1	1	0	1	1	0	1	2
Conidiobolus_coronatus_NRRL_28638	39903661	19999425	0	indeterminate	saprobe	2	2N	1	2	NA	NA	NA	NA	NA	NA	NA	NA	NA	NA	NA	NA	NA	NA	NA	NA	NA	NA	NA	NA	NA	NA	NA	NA	NA	NA	NA	NA	NA	NA	NA	NA	NA	NA	GCA_001566745.1_Conidiobolus_coronatus_NRRL28638_genomic.fna	NA	1	NA	NA	1	NA	1	0	1	0	0	1	0	1	1	0	0	1	3
Conidiobolus_thromboides_FSU_785.Conth1.v1	24635576	12394515	0	indeterminate	saprobe	1	1N	1	1	NA	NA	NA	NA	NA	NA	NA	NA	NA	NA	NA	NA	NA	NA	NA	NA	NA	NA	NA	NA	NA	NA	NA	NA	NA	NA	NA	NA	NA	NA	NA	NA	NA	NA	Conth1_AssemblyScaffolds_Repeatmasked.fasta	NA	1	NA	NA	1	NA	1	0	1	0	0	1	0	1	1	0	0	1	3
Zoophthora_radicans_ATCC_208865	655199646	328054494	0	indeterminate	parasite	2	2N	1	2	NA	NA	NA	NA	NA	NA	NA	NA	NA	NA	NA	NA	NA	NA	NA	NA	NA	NA	NA	NA	NA	NA	NA	NA	NA	NA	NA	NA	NA	NA	NA	NA	NA	NA	Zoorad1_AssemblyScaffolds_Repeatmasked.fasta	NA	1	NA	NA	1	NA	1	0	0	0	0	0	0	0	0	0	0	0	0
Coemansia_reversa_NRRL_1564	21837878	11090999	0	indeterminate	saprobe	2	1N?	1	1	NA	NA	NA	NA	NA	NA	NA	NA	NA	NA	NA	NA	NA	NA	NA	NA	NA	NA	NA	NA	NA	NA	NA	NA	NA	NA	NA	NA	NA	NA	NA	NA	NA	NA	GCA_002705745.1_Coere1_genomic.fna	NA	1	NA	NA	1	NA	0	1	1	0	1	0	1	0	0	0	0	2	0
Linderina_pennispora_ATCC_12442	26202545	13442027	0	indeterminate	saprobe	2	2N	1	2	NA	NA	NA	NA	NA	NA	NA	NA	NA	NA	NA	NA	NA	NA	NA	NA	NA	NA	NA	NA	NA	NA	NA	NA	NA	NA	NA	NA	NA	NA	NA	NA	NA	NA	GCA_002104995.1_Linpe1_genomic.fna	NA	1	NA	NA	1	NA	0	1	1	0	1	1	1	1	1	1	0	2	3
Martensiomyces_pterosporus_CBS_209.56.Marpt1.v1	19815802	10021114	0	indeterminate	saprobe	2	2N	1	2	NA	NA	NA	NA	NA	NA	NA	NA	NA	NA	NA	NA	NA	NA	NA	NA	NA	NA	NA	NA	NA	NA	NA	NA	NA	NA	NA	NA	NA	NA	NA	NA	NA	NA	Marpt1_AssemblyScaffolds_Repeatmasked.fasta	NA	1	NA	NA	1	NA	0	1	1	0	1	1	1	1	1	1	0	2	3
Ramicandelaber_brevisporus_CBS_109374.Rambr1.v1	25531049	12777681	0	indeterminate	saprobe	2	NA	1	?	NA	NA	NA	NA	NA	NA	NA	NA	NA	NA	NA	NA	NA	NA	NA	NA	NA	NA	NA	NA	NA	NA	NA	NA	NA	NA	NA	NA	NA	NA	NA	NA	NA	NA	Rambr1_AssemblyScaffolds_Repeatmasked.fasta	NA	1	NA	NA	1	NA	0	1	1	1	1	1	1	1	1	0	1	3	3
Piptocephalis_cylindrospora_RSA_2659	10748482	5377498	0	indeterminate	parasite	1	NA	1	?	NA	NA	NA	NA	NA	NA	NA	NA	NA	NA	NA	NA	NA	NA	NA	NA	NA	NA	NA	NA	NA	NA	NA	NA	NA	NA	NA	NA	NA	NA	NA	NA	NA	NA	GCA_003614145.1_Pipcy3_1_genomic.fna	NA	1	NA	NA	1	NA	0	1	1	0	1	0	1	0	1	0	0	2	1
Syncephalis_fuscata_S228.Synfus1.v1	29358178	14685810	0	indeterminate	parasite	2	?	1	?	NA	NA	NA	NA	NA	NA	NA	NA	NA	NA	NA	NA	NA	NA	NA	NA	NA	NA	NA	NA	NA	NA	NA	NA	NA	NA	NA	NA	NA	NA	NA	NA	NA	NA	Synfus1_AssemblyScaffolds_Repeatmasked.fasta	NA	2	NA	NA	1	1	0	1	1	1	1	1	1	1	0	0	1	3	2
Olpidium_bornovanus_UCB_F19785.Olpbor1	38674623	19339264	1	determinate	parasite	2	NA	1	?	NA	NA	NA	NA	NA	NA	NA	NA	NA	NA	NA	NA	NA	NA	NA	NA	NA	NA	NA	NA	NA	NA	NA	NA	NA	NA	NA	NA	NA	NA	NA	NA	NA	NA	ubcMegahit_1K.sub1.softmasked.fasta	1	1	1	NA	1	NA	1	0	0	0	0	0	0	0	0	0	1	0	0
Paraphysoderma_sedebokerense_JEL821_v1.0	27876074	14170753	1	determinate	parasite	2	NA	1	?	0	1	NA	NA	NA	NA	NA	NA	NA	NA	NA	NA	NA	NA	NA	NA	NA	NA	NA	NA	NA	NA	NA	NA	NA	NA	NA	NA	NA	NA	NA	NA	NA	NA	Parsed1_AssemblyScaffolds.masked.fasta	2	2	1	1	1	1	0	1	1	1	1	1	0	1	1	0	1	3	3
Coelomomyces_lativittatus_CIRM-AVA-1-Meiospore.LCG	21922045	10966192	1	determinate	parasite	2	1N/2N	1	2	NA	NA	NA	NA	NA	NA	NA	NA	NA	NA	NA	NA	NA	NA	NA	NA	NA	NA	NA	NA	NA	NA	NA	NA	NA	NA	NA	NA	NA	NA	NA	NA	NA	NA	Coelomomyces_Meiospore.SCGid.filtered.fasta	NA	1	NA	NA	1	NA	1	0	0	0	0	0	0	0	0	0	0	0	0
Blastocladiella_britannica_v1.0	19075314	9546349	1	determinate	saprobe	1	NA	1	?	0	1	NA	NA	NA	NA	NA	NA	NA	NA	NA	NA	NA	NA	NA	NA	NA	NA	NA	NA	NA	NA	NA	NA	NA	NA	NA	NA	NA	NA	NA	NA	NA	NA	Blabri1_AssemblyScaffolds.masked.fasta	NA	1	NA	NA	1	NA	1	0	1	1	1	1	1	1	1	1	0	3	3
Catenaria_anguillulae_PL171_v2.0	41337528	20767271	1	indeterminate	saprobe	2	2N	0	2	0	1	1	0	0	0	0	1	0	0	0	0	0	b	?	0	3	0	?	0	0	2	2	?	?	?	?	?	1	1	0	1	1	0	Catan2_AssemblyScaffolds.masked.fasta	NA	1	NA	NA	1	NA	1	0	1	1	1	1	1	1	1	1	0	3	3
Allomyces_arbuscula_Burma_1F.LCG	26482826	13486511	1	indeterminate	saprobe	2	1N/2N	1	2	0	1	NA	NA	NA	NA	NA	NA	NA	NA	NA	NA	NA	NA	NA	NA	NA	NA	NA	NA	NA	NA	NA	NA	NA	NA	NA	NA	NA	NA	NA	NA	NA	NA	Allomyces_arbuscula_Burma_1F.masked.fasta	NA	1	NA	NA	1	NA	1	0	1	1	1	1	1	1	1	1	0	3	3
Allomyces_macrogynus_ATCC_38327	57060573	28903473	1	indeterminate	saprobe	2	1N/2N	0	2	0	1	NA	NA	NA	NA	NA	NA	NA	NA	NA	NA	NA	NA	NA	NA	NA	NA	NA	NA	NA	NA	NA	NA	NA	NA	NA	NA	NA	NA	NA	NA	NA	NA	Allma1_AssemblyScaffolds.masked.fasta	NA	1	NA	NA	1	NA	1	0	1	1	1	1	1	1	1	1	0	3	3
Allomyces_javanicus_California_12.LCG	29927322	15014952	1	indeterminate	saprobe	2	1N/2N	1	2	0	1	NA	NA	NA	NA	NA	NA	NA	NA	NA	NA	NA	NA	NA	NA	NA	NA	NA	NA	NA	NA	NA	NA	NA	NA	NA	NA	NA	NA	NA	NA	NA	NA	Allomyces_javanicus_California_12.masked.fasta	NA	1	NA	NA	1	NA	1	0	1	0	1	0	1	1	1	1	0	2	2
Capsaspora_owczarzaki_ATCC_30864.v2	27967784	14503153	0	NA	NA	2	2N	1	2	NA	NA	NA	NA	NA	NA	NA	NA	NA	NA	NA	NA	NA	NA	NA	NA	NA	NA	NA	NA	NA	NA	NA	NA	NA	NA	NA	NA	NA	NA	NA	NA	NA	NA	GCF_000151315.2_C_owczarzaki_V2_genomic.fna	NA	NA	NA	NA	NA	NA	0	1	1	1	1	1	1	1	1	1	1	3	3
Drosophila_melanogaster.v6	NA	NA	0	NA	NA	2	2N	0	2	NA	NA	NA	NA	NA	NA	NA	NA	NA	NA	NA	NA	NA	NA	NA	NA	NA	NA	NA	NA	NA	NA	NA	NA	NA	NA	NA	NA	NA	NA	NA	NA	NA	NA	NA	NA	NA	NA	NA	NA	NA	0	1	0	0	0	0	0	0	1	0	1	0	1
Monosiga_brevicolis_MX1.v1	NA	NA	0	NA	NA	?	2N	0	2	NA	NA	NA	NA	NA	NA	NA	NA	NA	NA	NA	NA	NA	NA	NA	NA	NA	NA	NA	NA	NA	NA	NA	NA	NA	NA	NA	NA	NA	NA	NA	NA	NA	NA	NA	NA	NA	NA	NA	NA	NA	1	0	1	0	0	1	1	1	1	0	1	1	3
